/*製作者：川村（コーディング）、出田（設計）*/

DROP DATABASE IF EXISTS books;
CREATE DATABASE IF Not EXISTS books;

use books;

DROP TABLE IF EXISTS admin;

CREATE TABLE
 admin
 (
  admin_id int Not NULL,
  admin_pass varchar(8) Not NULL,
  login_flag tinyint Not NULL,
  perm_flag tinyint Not NULL,
  PRIMARY KEY (admin_id)
)ENGINE=InnoDB DEFAULT CHARSET=utf8;

LOCK TABLES admin WRITE;
INSERT INTO 
 admin 
VALUES 
 ('1','abc123','0','1'),
 ('2','def456','0','0')
;
UNLOCK TABLES;



DROP TABLE IF EXISTS user;
CREATE TABLE 
 user 
 (
  user_id int Not NULL,
  user_name varchar(20) Not NULL,
  delete_flag tinyint Not NULL,

  PRIMARY KEY  (user_id)
 )ENGINE=InnoDB DEFAULT CHARSET=utf8;

LOCK TABLES user WRITE;
INSERT INTO 
 user 
VALUES 
 ('0','田中太郎','1'),
 ('1','田中次郎','1'),
 ('2','山田花子','1'),
 ('3','高橋諒','1'),
 ('4','小林仁志','1'),
 ('5','早川大介','1'),
 ('6','伊藤光弘','1'),
 ('7','佐々木諭','1'),
 ('8','中島正明','1'),
 ('9','井上智一','1'),
 ('10','篠原剛','1'),
 ('11','菊池啓太','1'),
 ('12','野村一成','1'),
 ('13','齋藤康太','1'),
 ('14','中尾正明','1'),
 ('15','杉本伸也','1'),
 ('16','田島雅彦','1'),
 ('17','村山直哉','1'),
 ('18','石田大作','1'),
 ('19','北島英樹','1'),
 ('20','河合亘','1'),
 ('21','佐々木崇司','1'),
 ('22','西川龍太郎','1'),
 ('23','藤江健一','1'),
 ('24','山下洋太','1'),
 ('25','三浦大志','1'),
 ('26','土屋光夫','1'),
 ('27','木村大平','1'),
 ('28','三好孝太郎','1'),
 ('29','川畑和広','1'),
 ('30','加藤悟空','1'),
 ('31','望月雅人','1'),
 ('32','奥大作','1'),
 ('33','平島寛之','1'),
 ('34','児玉崇司','1'),
 ('35','坂下浩一','1'),
 ('36','谷奥学','1'),
 ('37','宮川謙次','1'),
 ('38','相澤康範','1'),
 ('39','大滝大輝','1'),
 ('40','中林久男','1'),
 ('41','岩本雅直','1'),
 ('42','猿渡智和','1'),
 ('43','河元啓介','1'),
 ('44','安田太知','1'),
 ('45','笠巻健','1'),
 ('46','安土健','1'),
 ('47','河野忠美','1'),
 ('48','郷佳彦','1'),
 ('49','椎原凌','1'),
 ('50','笠行潤','1'),
 ('51','小柳靖記','1'),
 ('52','柳島慎吾','1'),
 ('53','田山成和','1'),
 ('54','金本泰道','1'),
 ('55','八幡裕人','1'),
 ('56','五島一匡','1'),
 ('57','国則邦明','1'),
 ('58','川染雅文','1'),
 ('59','間柴義孝','1'),
 ('60','中司よしのり','1'),
 ('61','大無田洋信','1'),
 ('62','太田香織','1'),
 ('63','清水瞳','1'),
 ('64','佐々木知子','1'),
 ('65','上野裕子','1'),
 ('66','松本舞子','1'),
 ('67','清水歩美','1'),
 ('68','小山美咲','1'),
 ('69','丸山千恵','1'),
 ('70','山本光','1'),
 ('71','松永麻衣子','1'),
 ('72','中嶋祐子','1'),
 ('73','榊原舞','1'),
 ('74','古川さゆり','1'),
 ('75','新井みなみ','1'),
 ('76','志賀舞','1'),
 ('77','伊藤千智','1'),
 ('78','廣田美里','1'),
 ('79','今井栄子','1'),
 ('80','角田美穂','1'),
 ('81','冨田詩織','1'),
 ('82','三谷愛子','1'),
 ('83','成瀬愛子','1'),
 ('84','山根博子','1'),
 ('85','山田絢乃','1'),
 ('86','小林和実','1'),
 ('87','池田綾夏','1'),
 ('88','砂田貴子','1'),
 ('89','津田亜耶','1'),
 ('90','野村豊子','1'),
 ('91','小林咲穂','1'),
 ('92','吉川絵梨子','1'),
 ('93','伏見奈津美','1'),
 ('94','小田知代','1'),
 ('95','新美咲','1'),
 ('96','上田僚子','1'),
 ('97','佐々木真裕','1'),
 ('98','犬塚奈津子','1'),
 ('99','鳥巣裕子','1'),
 ('100','五十嵐美寿々','1'),
 ('101','稲葉晴佳','1'),
 ('102','半田道代','1'),
 ('103','藤亜衣','1'),
 ('104','小寺祐美','1'),
 ('105','益田周子','1'),
 ('106','平野希依','1'),
 ('107','細江雅','1'),
 ('108','冨田佳恵','1'),
 ('109','秋吉玲菜','1'),
 ('110','円明日香','1'),
 ('111','大塚志都子','1'),
 ('112','久保扶由子','1'),
 ('113','中谷享子','1'),
 ('114','田美央','1'),
 ('115','財津真規子','1'),
 ('116','内海希枝','1'),
 ('117','山川麻起','1'),
 ('118','金岡友恵','1'),
 ('119','野沢志津','1'),
 ('120','豊川麻綾','1'),
 ('121','蘭花みほ','1')
;
UNLOCK TABLES;


DROP TABLE IF EXISTS book;
CREATE TABLE 
 book 
 (
  book_id int Not NULL,
  book_name varchar(40) Not NULL,
  publish varchar(30) Not NULL,
  publish_date date Not NULL,
  delete_flag tinyint Not NULL,
  isbn varchar(20) Not NULL,

  PRIMARY KEY  (book_id)
)ENGINE=InnoDB DEFAULT CHARSET=utf8;

LOCK TABLES book WRITE;
INSERT INTO 
 book
VALUES 
 ('0','パチンコ裏物語　激アツ編','彩図社 ','2011-06-27','1','9784883927982'),
 ('1','わかりやすいJava入門編','秀和システム ','2009-10-01',1,'9784798024035'),
 ('2','基礎からのMySQL ','ソフトバンククリエイティブ','2007-12-26',1,'9784797344387'),
 ('3','明解Java　入門編','ソフトバンククリエイティブ','2007-08-08',1,'9784797339536'),
 ('4','スッキリわかるJava入門','インプレスジャパン','2011-10-07 ',1,'9784844330868'),
 ('5','図解でよくわかる ネットワークの重要用語解説','技術評論社','2009-03-25 ',1,'9784774138213'),
 ('6','30日でできる! OS自作入門','毎日コミュニケーションズ ','2006-03-01 ',1,'9784839919849'),
 ('7','オブジェクト指向における再利用のためのデザインパターン','ソフトバンククリエイティブ','1999-10-01',1,'9784797311129'),
 ('8','12ステップで作る組込みOS自作入門','カットシステム','2010-05-01',1,'9784877832391'),
 ('9','ネットワーク超入門講座','ソフトバンククリエイティブ','2010-03-20',1,'9784797359091'),
 ('10','Visual Basic 2010逆引き大全555の極意','秀和システム','2010-11-01',1,'9784798027685'),
 ('11','Effective Java','ピアソンエデュケーション','2008-11-27',1,'9784894714991'),
 ('12','リレーショナルデータベース入門―データモデル・SQL・管理システム','サイエンス社','2003-03-01',1,'9784781910246'),
 ('13','よくわかるPHPの教科書','毎日コミュニケーションズ','2010-09-14',1,'9784839933142'),
 ('14','図解まるわかり プログラミングのしくみ','翔泳社','2020-07-08','1','9784798163284'),
 ('15','プログラミングとロジカルシンキングが一気にわかる本 アルゴリズムで論理の流れが見','翔泳社','2020-02-28','1','9784798162935'),
 ('16','実践 Rustプログラミング入門','秀和システム','2020-08-22','1','9784798061702'),
 ('17','Kotlinプログラミング','翔泳社','2019-02-14','1','9784798160191'),
 ('18','Java 第3版 入門編 ゼロからはじめるプログラミング','翔泳社','2021-01-28','1','9784798167060'),
 ('19','プログラミング入門講座――基本と思考法と重要事項がきちんと学べる授業','SBクリエイティブ','2016-09-29','1','9784797383102'),
 ('20','プログラミング言語C〔第2版〕','共立出版','1989-01-01','1','9784320026926'),
 ('21','C言語によるプログラミング―基礎編―（第3版）','オーム社','2020-11-19','1','9784274226069'),
 ('22','入門Goプログラミング','翔泳社','2019-05-13','1','9784798158655'),
 ('23','プログラミングのはじめかた','SBクリエイティブ','2018-04-18','1','9784797393903'),
 ('24','関数型リアクティブプログラミング','翔泳社','2017-08-10','1','9784798145563'),
 ('25','Python言語で学ぶ 基礎からのプログラミング','近代科学社','2021-07-31','1','9784764906334'),
 ('26','プログラミング原論','東京電機大学出版局','2015-11-10','1','9784501553708'),
 ('27','知識ゼロからのプログラミング学習術 独学で身につけるための9つの学習ステップ','秀和システム','2020-02-08','1','9784798060125'),
 ('28','さわって学べるプログラミング図鑑','学研プラス','2019-02-26','1','9784052048333'),
 ('29','さわって学べるプログラミング図鑑','学研プラス','2019-02-26','1','9784052048333'),
 ('30','Pythonによるプログラミング','オーム社','2019-08-04','1','9784274223570'),
 ('31','ゲームプログラミングC++','翔泳社','2018-12-05','1','9784798157610'),
 ('32','猫でもわかるC#プログラミング 第3版','SBクリエイティブ','2016-02-29','1','9784797385632'),
 ('33','プログラマを育てる脳トレパズル 遊んでおぼえるPythonプログラミング＆アルゴ','翔泳社','2020-12-22','1','9784798163826'),
 ('34','コンピュータ科学とプログラミング入門','近代科学社','2015-12-03','1','9784764904941'),
 ('35','Python 1年生 体験してわかる！会話でまなべる！プログラミングのしくみ','翔泳社','2017-12-05','1','9784798153193'),
 ('36','プログラミングとロジカルシンキングが一気にわかる本 アルゴリズムで論理の流れが見','翔泳社','2020-02-28','1','9784798162935'),
 ('37','実践 Rustプログラミング入門','秀和システム','2020-08-22','1','9784798061702'),
 ('38','Kotlinプログラミング','翔泳社','2019-02-14','1','9784798160191'),
 ('39','Java 第3版 入門編 ゼロからはじめるプログラミング','翔泳社','2021-01-28','1','9784798167060'),
 ('40','プログラミング入門講座――基本と思考法と重要事項がきちんと学べる授業','SBクリエイティブ','2016-09-29','1','9784797383102'),
 ('41','プログラミング言語C〔第2版〕','共立出版','1989-01-01','1','9784320026926'),
 ('42','C言語によるプログラミング―基礎編―（第3版）','オーム社','2020-11-19','1','9784274226069'),
 ('43','入門Goプログラミング','翔泳社','2019-05-13','1','9784798158655'),
 ('44','プログラミングのはじめかた','SBクリエイティブ','2018-04-18','1','9784797393903'),
 ('45','関数型リアクティブプログラミング','翔泳社','2017-08-10','1','9784798145563'),
 ('46','Python言語で学ぶ 基礎からのプログラミング','近代科学社','2021-07-31','1','9784764906334'),
 ('47','プログラミング原論','東京電機大学出版局','2015-11-10','1','9784501553708'),
 ('48','知識ゼロからのプログラミング学習術 独学で身につけるための9つの学習ステップ','秀和システム','2020-02-08','1','9784798060125'),
 ('49','さわって学べるプログラミング図鑑','学研プラス','2019-02-26','1','9784052048333'),
 ('50','さわって学べるプログラミング図鑑','学研プラス','2019-02-26','1','9784052048333'),
 ('51','Pythonによるプログラミング','オーム社','2019-08-04','1','9784274223570'),
 ('52','ゲームプログラミングC++','翔泳社','2018-12-05','1','9784798157610'),
 ('53','猫でもわかるC#プログラミング 第3版','SBクリエイティブ','2016-02-29','1','9784797385632'),
 ('54','プログラマを育てる脳トレパズル 遊んでおぼえるPythonプログラミング＆アルゴ','翔泳社','2020-12-22','1','9784798163826'),
 ('55','コンピュータ科学とプログラミング入門','近代科学社','2015-12-03','1','9784764904941'),
 ('56','Python 1年生 体験してわかる！会話でまなべる！プログラミングのしくみ','翔泳社','2017-12-05','1','9784798153193'),
 ('57','世界標準MIT教科書　Python言語によるプログラミングイントロダクション第２','近代科学社','2017-09-01','1','9784764905184'),
 ('58','日本の歴史３６６','主婦の友社','2020-10-30','1','9784074447251'),
 ('59','歴史学ってなんだ？','ＰＨＰ研究所','2004-01-19','1','9784569632698'),
 ('60','数学の歴史','講談社','1988-09-05','1','9784061588448'),
 ('61','修道院の歴史','創元社','2015-05-21','1','9784422203393'),
 ('62','図説　ドイツの歴史','河出書房新社','2010-08-03','1','9784309761053'),
 ('63','地図から読む歴史','講談社','2012-04-11','1','9784062921084'),
 ('64','銅像歴史散歩','筑摩書房','2016-03-07','1','9784480068767'),
 ('65','角川まんが学習シリーズ　日本の歴史　１２  明治維新と新政府　明治時代前期','ＫＡＤＯＫＡＷＡ','2015-06-30','1','9784041015056'),
 ('66','カレーの歴史','原書房','2013-08-26','1','9784562049387'),
 ('67','はじめて学ぶドイツの歴史と文化','ミネルヴァ書房','2020-11-10','1','9784623090150'),
 ('68','まんが世界の歴史 人物事典','小学館','2012-10-31','1','9784092591172'),
 ('69','天下泰平　日本の歴史16','講談社','2009-10-14','1','9784062919166'),
 ('70','中国の歴史9　海と帝国　明清時代','講談社','2021-03-11','1','9784065227770'),
 ('71','数学の歴史〔改訂版〕','放送大学教育振興会','2019-03-20','1','9784595319631'),
 ('72','針灸の歴史 悠久の東洋医術','大修館書店','2015-01-30','1','9784469233179'),
 ('73','飛行機技術の歴史','京都大学学術出版会','2013-12-16','1','9784876983810'),
 ('74','文明の十字路＝中央アジアの歴史','講談社','2007-02-09','1','9784061598034'),
 ('75','歴史戦と思想戦 ――歴史問題の読み解き方','集英社','2019-05-17','1','9784087210781'),
 ('76','消費者の歴史 江戸から現代まで','千倉書房','2011-05-06','1','9784805109687'),
 ('77','縄文の生活誌　日本の歴史01','講談社','2008-11-07','1','9784062919012'),
 ('78','茶道の歴史','講談社','1979-11-08','1','9784061584532'),
 ('79','歴史を読み替える　ジェンダーから見た世界史','大月書店','2014-05-30','1','9784272501816'),
 ('80','歴史学ってなんだ？','ＰＨＰ研究所','2004-01-19','1','9784569632698'),
 ('81','数学の歴史','講談社','1988-09-05','1','9784061588448'),
 ('82','修道院の歴史','創元社','2015-05-21','1','9784422203393'),
 ('83','図説　ドイツの歴史','河出書房新社','2010-08-03','1','9784309761053'),
 ('84','地図から読む歴史','講談社','2012-04-11','1','9784062921084'),
 ('85','銅像歴史散歩','筑摩書房','2016-03-07','1','9784480068767'),
 ('86','角川まんが学習シリーズ　日本の歴史　１２  明治維新と新政府　明治時代前期','ＫＡＤＯＫＡＷＡ','2015-06-30','1','9784041015056'),
 ('87','カレーの歴史','原書房','2013-08-26','1','9784562049387'),
 ('88','はじめて学ぶドイツの歴史と文化','ミネルヴァ書房','2020-11-10','1','9784623090150'),
 ('89','まんが世界の歴史 人物事典','小学館','2012-10-31','1','9784092591172'),
 ('90','天下泰平　日本の歴史16','講談社','2009-10-14','1','9784062919166'),
 ('91','中国の歴史9　海と帝国　明清時代','講談社','2021-03-11','1','9784065227770'),
 ('92','数学の歴史〔改訂版〕','放送大学教育振興会','2019-03-20','1','9784595319631'),
 ('93','針灸の歴史 悠久の東洋医術','大修館書店','2015-01-30','1','9784469233179'),
 ('94','飛行機技術の歴史','京都大学学術出版会','2013-12-16','1','9784876983810'),
 ('95','文明の十字路＝中央アジアの歴史','講談社','2007-02-09','1','9784061598034'),
 ('96','歴史戦と思想戦 ――歴史問題の読み解き方','集英社','2019-05-17','1','9784087210781'),
 ('97','消費者の歴史 江戸から現代まで','千倉書房','2011-05-06','1','9784805109687'),
 ('98','縄文の生活誌　日本の歴史01','講談社','2008-11-07','1','9784062919012'),
 ('99','茶道の歴史','講談社','1979-11-08','1','9784061584532'),
 ('100','歴史を読み替える　ジェンダーから見た世界史','大月書店','2014-05-30','1','9784272501816'),
 ('101','１９６８［３］漫画','筑摩書房','2018-05-14','1','9784480016638'),
 ('102','北斎漫画 <全三巻>　第一巻「江戸百態」','青幻舎','2010-11-01','1','9784861522802'),
 ('103','漫画でわかる イスラム国','PHP研究所','2015-05-25','1','9784569824864'),
 ('104','漫画　こころ','文響社','2021-02-18','1','9784866513362'),
 ('105','漫画家入門','筑摩書房','2019-09-13','1','9784480874023'),
 ('106','北斎漫画［肉筆未刊行版］','河出書房新社','2017-09-27','1','9784309255828'),
 ('107','マンガでわかる世界の名著','SBクリエイティブ','2020-02-21','1','9784815600877'),
 ('108','北斎漫画BOX 全3巻セット','青幻舎','2011-07-01','1','9784861523106'),
 ('109','戦争×漫画 1970-2020','小学館','2021-05-28','1','9784098610976'),
 ('110','まんがで読む　古事記','学研プラス','2013-08-29','1','9784052036897'),
 ('111','北斎漫画 <全三巻>　第一巻「江戸百態」','青幻舎','2010-11-01','1','9784861522802'),
 ('112','漫画でわかる イスラム国','PHP研究所','2015-05-25','1','9784569824864'),
 ('113','漫画　こころ','文響社','2021-02-18','1','9784866513362'),
 ('114','漫画家入門','筑摩書房','2019-09-13','1','9784480874023'),
 ('115','北斎漫画［肉筆未刊行版］','河出書房新社','2017-09-27','1','9784309255828'),
 ('116','マンガでわかる世界の名著','SBクリエイティブ','2020-02-21','1','9784815600877'),
 ('117','北斎漫画BOX 全3巻セット','青幻舎','2011-07-01','1','9784861523106'),
 ('118','戦争×漫画 1970-2020','小学館','2021-05-28','1','9784098610976'),
 ('119','まんがで読む　古事記','学研プラス','2013-08-29','1','9784052036897'),
 ('120','魔海船３　完結編・天上への道','祥伝社','2013-08-31','1','9784396210106'),
 ('121','ご機嫌な住まい','吉備人出版','2007-12-13','1','9784860691899'),
 ('122','アルファベット・ハウス 上','早川書房','2017-06-22','1','9784151794612'),
 ('123','コンドルズ血風録！','ポプラ社','2015-01-02','1','9784591104361'),
 ('124','戦略超空母「信濃」【下】日米総力決戦','コスミック出版','2021-03-17','1','9784774762753'),
 ('125','シルバー・ジョーク集','三笠書房','2018-04-23','1','9784837985303'),
 ('126','ブレイブ・ストーリー （２）幻界','ＫＡＤＯＫＡＷＡ','2009-09-18','1','9784046310545'),
 ('127','暗夜鬼譚 血染雪乱','集英社','2019-01-18','1','9784087458329'),
 ('128','宇宙・天文で働く','ぺりかん社','2018-10-10','1','9784831515179'),
 ('129','悪辣執事のなげやり人生','アルファポリス','2020-11-12','1','9784434281105'),
 ('130','笑って、泣いて、考えて。','小学館','2016-11-14','1','9784093885263'),
 ('131','CUT 2019','artbook事務局','2019-09-27','1','9784862493743'),
 ('132','世田谷駐在刑事','講談社','2010-06-19','1','9784062162807'),
 ('133','天と地と 下','文藝春秋','2004-03-10','1','9784167135454'),
 ('134','夜を叩く人','思潮社','2015-09-20','1','9784783734901'),
 ('135','めんどくさい本屋―100年先まで続ける道','本の種出版','2020-04-20','1','9784907582210'),
 ('136','魔海船３　完結編・天上への道','祥伝社','2013-08-31','1','9784396210106'),
 ('137','ご機嫌な住まい','吉備人出版','2007-12-13','1','9784860691899'),
 ('138','アルファベット・ハウス 上','早川書房','2017-06-22','1','9784151794612'),
 ('139','コンドルズ血風録！','ポプラ社','2015-01-02','1','9784591104361'),
 ('140','戦略超空母「信濃」【下】日米総力決戦','コスミック出版','2021-03-17','1','9784774762753'),
 ('141','シルバー・ジョーク集','三笠書房','2018-04-23','1','9784837985303'),
 ('142','ブレイブ・ストーリー （２）幻界','ＫＡＤＯＫＡＷＡ','2009-09-18','1','9784046310545'),
 ('143','暗夜鬼譚 血染雪乱','集英社','2019-01-18','1','9784087458329'),
 ('144','宇宙・天文で働く','ぺりかん社','2018-10-10','1','9784831515179'),
 ('145','悪辣執事のなげやり人生','アルファポリス','2020-11-12','1','9784434281105'),
 ('146','笑って、泣いて、考えて。','小学館','2016-11-14','1','9784093885263'),
 ('147','CUT 2019','artbook事務局','2019-09-27','1','9784862493743'),
 ('148','世田谷駐在刑事','講談社','2010-06-19','1','9784062162807'),
 ('149','天と地と 下','文藝春秋','2004-03-10','1','9784167135454'),
 ('150','夜を叩く人','思潮社','2015-09-20','1','9784783734901'),
 ('151','めんどくさい本屋―100年先まで続ける道','本の種出版','2020-04-20','1','9784907582210'),
 ('152','学校では教えてくれない大切なこと(30)音楽が楽しくなる','旺文社','2020-07-20','1','9784010112953'),
 ('153','音楽の基礎','岩波書店','1971-08-31','1','9784004140573'),
 ('154','アフリカ音楽の正体','音楽之友社','2016-05-16','1','9784276135703'),
 ('155','音楽の肖像','小学館','2020-10-30','1','9784093887854'),
 ('156','日本音楽がわかる本','音楽之友社','2005-02-25','1','9784276133143'),
 ('157','音楽が聴けなくなる日','集英社','2020-05-15','1','9784087211238'),
 ('158','ハーバード大学は「音楽」で人を育てる','アルテスパブリッシング','2015-08-25','1','9784865591255'),
 ('159','至高の音楽','PHP研究所','2015-12-15','1','9784569829777'),
 ('160','音楽と建築','河出書房新社','2017-07-26','1','9784309276182'),
 ('161','楽譜でわかる クラシック音楽の歴史','音楽之友社','2014-06-25','1','9784276110182'),
 ('162','アウシュヴィッツの音楽隊','音楽之友社','2009-04-10','1','9784276214514'),
 ('163','音楽教育実践学事典','音楽之友社','2017-08-21','1','9784276311299'),
 ('164','14歳からの新しい音楽入門','スタイルノート','2021-07-07','1','9784799801932'),
 ('165','新しい小学校音楽科の授業をつくる','ミネルヴァ書房','2018-05-10','1','9784623081707'),
 ('166','新編　音楽小辞典','音楽之友社','2004-01-15','1','9784276000193'),
 ('167','音楽論','武蔵野美術大学出版局','2016-03-15','1','9784864630504'),
 ('168','未来の人材は「音楽」で育てる','アルテスパブリッシング','2018-06-26','1','9784865591842'),
 ('169','人生を変える「数学」そして「音楽」　教科書には載っていない絶妙な関係','講談社','2012-07-31','1','9784062178136'),
 ('170','アラブ音楽入門','スタイルノート','2018-09-21','1','9784799801703'),
 ('171','「宇宙の音楽」を聴く 指揮者の思考法','光文社','2020-11-18','1','9784334045067'),
 ('172','音楽と映像のマルチモーダル・コミュニケーション','九州大学出版会','2011-07-10','1','9784798500591'),
 ('173','いたずらトロルと音楽隊','ロクリン社','2018-04-03','1','9784907542580'),
 ('174','音楽の基礎','岩波書店','1971-08-31','1','9784004140573'),
 ('175','アフリカ音楽の正体','音楽之友社','2016-05-16','1','9784276135703'),
 ('176','音楽の肖像','小学館','2020-10-30','1','9784093887854'),
 ('177','日本音楽がわかる本','音楽之友社','2005-02-25','1','9784276133143'),
 ('178','音楽が聴けなくなる日','集英社','2020-05-15','1','9784087211238'),
 ('179','ハーバード大学は「音楽」で人を育てる','アルテスパブリッシング','2015-08-25','1','9784865591255'),
 ('180','至高の音楽','PHP研究所','2015-12-15','1','9784569829777'),
 ('181','音楽と建築','河出書房新社','2017-07-26','1','9784309276182'),
 ('182','楽譜でわかる クラシック音楽の歴史','音楽之友社','2014-06-25','1','9784276110182'),
 ('183','アウシュヴィッツの音楽隊','音楽之友社','2009-04-10','1','9784276214514'),
 ('184','音楽教育実践学事典','音楽之友社','2017-08-21','1','9784276311299'),
 ('185','14歳からの新しい音楽入門','スタイルノート','2021-07-07','1','9784799801932'),
 ('186','新しい小学校音楽科の授業をつくる','ミネルヴァ書房','2018-05-10','1','9784623081707'),
 ('187','新編　音楽小辞典','音楽之友社','2004-01-15','1','9784276000193'),
 ('188','音楽論','武蔵野美術大学出版局','2016-03-15','1','9784864630504'),
 ('189','未来の人材は「音楽」で育てる','アルテスパブリッシング','2018-06-26','1','9784865591842'),
 ('190','人生を変える「数学」そして「音楽」　教科書には載っていない絶妙な関係','講談社','2012-07-31','1','9784062178136'),
 ('191','アラブ音楽入門','スタイルノート','2018-09-21','1','9784799801703'),
 ('192','「宇宙の音楽」を聴く 指揮者の思考法','光文社','2020-11-18','1','9784334045067'),
 ('193','音楽と映像のマルチモーダル・コミュニケーション','九州大学出版会','2011-07-10','1','9784798500591'),
 ('194','いたずらトロルと音楽隊','ロクリン社','2018-04-03','1','9784907542580'),
 ('195','数学の考え方','講談社','2015-08-11','1','9784062923156'),
 ('196','円の数学','裳華房','1999-06-20','1','9784785315160'),
 ('197','数学物語','ＫＡＤＯＫＡＷＡ','2008-04-25','1','9784043118021'),
 ('198','笑う数学','ＫＡＤＯＫＡＷＡ','2018-01-27','1','9784046022196'),
 ('199','経済・経営のための 数学教室','裳華房','2014-11-26','1','9784785315610'),
 ('200','とってもやさしい中１数学 これさえあれば授業がわかる','旺文社','2021-03-01','1','9784010219140'),
 ('201','数学用語と記号ものがたり','裳華房','2003-08-25','1','9784785315337'),
 ('202','Pythonで動かして学ぶ！あたらしい数学の教科書 機械学習・深層学習に必要な基','翔泳社','2019-09-17','1','9784798161174'),
 ('203','社会科学者のための　基礎数学','裳華房','1993-11-05','1','9784785310813'),
 ('204','図説やさしい建築数学','学芸出版社','2011-07-01','1','9784761525149'),
 ('205','こんなふうに教わりたかった！中学数学教室','SBクリエイティブ','2014-02-18','1','9784797375794'),
 ('206','経済のしくみがわかる「数学の話」','ＰＨＰ研究所','2014-07-03','1','9784569762180'),
 ('207','やさしく学べる基礎数学','共立出版','2001-09-24','1','9784320016835'),
 ('208','数学ガールの秘密ノート／ベクトルの真実','SBクリエイティブ','2015-11-19','1','9784797382327'),
 ('209','大学新入生のための数学入門','共立出版','2004-10-13','1','9784320017696'),
 ('210','おもしろいほどよくわかる高校数学　関数編','SBクリエイティブ','2016-01-18','1','9784797382259'),
 ('211','科学技術者のための　基礎数学〔新版〕','裳華房','1982-11-10','1','9784785310356'),
 ('212','数学ガールの秘密ノート／図形の証明','ＳＢクリエイティブ','2022-03-14','1','9784815609764'),
 ('213','数学する身体','新潮社','2018-04-27','1','9784101213668'),
 ('214','総合的研究　数学II＋B','旺文社','2013-09-25','1','9784010377024'),
 ('215','総合的研究　数学Ⅲ','旺文社','2014-09-25','1','9784010377031'),
 ('216','カッツ　数学の歴史','共立出版','2005-07-25','1','9784320017658'),
 ('217','青の数学','新潮社','2016-07-28','1','9784101800721'),
 ('218','数学ガールの秘密ノート／学ぶための対話','SBクリエイティブ','2019-11-26','1','9784815603991'),
 ('219','新体系・中学数学の教科書　上','講談社','2012-03-20','1','9784062577649'),
 ('220','数学の想像力','筑摩書房','2013-06-12','1','9784480015754'),
 ('221','数学III融合問題ターゲット76','旺文社','2019-09-17','1','9784010346242'),
 ('222','生き抜くための中学数学','日本図書センター','2016-09-15','1','9784284203937'),
 ('223','円の数学','裳華房','1999-06-20','1','9784785315160'),
 ('224','数学物語','ＫＡＤＯＫＡＷＡ','2008-04-25','1','9784043118021'),
 ('225','笑う数学','ＫＡＤＯＫＡＷＡ','2018-01-27','1','9784046022196'),
 ('226','経済・経営のための 数学教室','裳華房','2014-11-26','1','9784785315610'),
 ('227','とってもやさしい中１数学 これさえあれば授業がわかる','旺文社','2021-03-01','1','9784010219140'),
 ('228','数学用語と記号ものがたり','裳華房','2003-08-25','1','9784785315337'),
 ('229','Pythonで動かして学ぶ！あたらしい数学の教科書 機械学習・深層学習に必要な基','翔泳社','2019-09-17','1','9784798161174'),
 ('230','社会科学者のための　基礎数学','裳華房','1993-11-05','1','9784785310813'),
 ('231','図説やさしい建築数学','学芸出版社','2011-07-01','1','9784761525149'),
 ('232','こんなふうに教わりたかった！中学数学教室','SBクリエイティブ','2014-02-18','1','9784797375794'),
 ('233','経済のしくみがわかる「数学の話」','ＰＨＰ研究所','2014-07-03','1','9784569762180'),
 ('234','やさしく学べる基礎数学','共立出版','2001-09-24','1','9784320016835'),
 ('235','数学ガールの秘密ノート／ベクトルの真実','SBクリエイティブ','2015-11-19','1','9784797382327'),
 ('236','大学新入生のための数学入門','共立出版','2004-10-13','1','9784320017696'),
 ('237','おもしろいほどよくわかる高校数学　関数編','SBクリエイティブ','2016-01-18','1','9784797382259'),
 ('238','科学技術者のための　基礎数学〔新版〕','裳華房','1982-11-10','1','9784785310356'),
 ('239','数学ガールの秘密ノート／図形の証明','ＳＢクリエイティブ','2022-03-14','1','9784815609764'),
 ('240','数学する身体','新潮社','2018-04-27','1','9784101213668'),
 ('241','総合的研究　数学II＋B','旺文社','2013-09-25','1','9784010377024'),
 ('242','総合的研究　数学Ⅲ','旺文社','2014-09-25','1','9784010377031'),
 ('243','カッツ　数学の歴史','共立出版','2005-07-25','1','9784320017658'),
 ('244','青の数学','新潮社','2016-07-28','1','9784101800721'),
 ('245','数学ガールの秘密ノート／学ぶための対話','SBクリエイティブ','2019-11-26','1','9784815603991'),
 ('246','新体系・中学数学の教科書　上','講談社','2012-03-20','1','9784062577649'),
 ('247','数学の想像力','筑摩書房','2013-06-12','1','9784480015754'),
 ('248','数学III融合問題ターゲット76','旺文社','2019-09-17','1','9784010346242'),
 ('249','新編　高専の数学　1','森北出版','2010-01-22','1','9784627048133'),
 ('250','生き抜くための中学数学','日本図書センター','2016-09-15','1','9784284203937')
;
UNLOCK TABLES;



DROP TABLE IF EXISTS rental;
CREATE TABLE 
 rental 
 (
  book_id int Not NULL,
  user_id int Not NULL,
  rental_flag tinyint Not NULL,
  rental_date date Not NULL,
  return_date date Not NULL,
  FOREIGN KEY(book_id)
  REFERENCES book(book_id),
  FOREIGN KEY(user_id)
  REFERENCES user(user_id)
   )ENGINE=InnoDB DEFAULT CHARSET=utf8;

LOCK TABLES rental WRITE;
INSERT INTO 
 rental
VALUES 
 ('144','91','0','2018-01-02','2018-01-07'),
 ('217','40','0','2018-01-11','2018-01-16'),
 ('163','29','0','2018-01-15','2018-01-20'),
 ('143','58','0','2018-01-16','2018-01-21'),
 ('128','90','0','2018-01-17','2018-01-22'),
 ('13','119','0','2018-01-18','2018-01-23'),
 ('156','72','0','2018-01-18','2018-01-23'),
 ('170','35','0','2018-01-18','2018-01-23'),
 ('120','40','0','2018-01-19','2018-01-24'),
 ('208','24','0','2018-01-21','2018-01-26'),
 ('224','60','0','2018-01-24','2018-01-29'),
 ('102','57','0','2018-01-27','2018-02-01'),
 ('250','63','0','2018-02-04','2018-02-09'),
 ('34','73','0','2018-02-05','2018-02-10'),
 ('27','23','0','2018-02-09','2018-02-14'),
 ('210','53','0','2018-02-16','2018-02-21'),
 ('224','117','0','2018-02-16','2018-02-21'),
 ('39','89','0','2018-02-17','2018-02-22'),
 ('140','6','0','2018-02-18','2018-02-23'),
 ('61','16','0','2018-02-18','2018-02-23'),
 ('212','40','0','2018-02-18','2018-02-23'),
 ('138','117','0','2018-02-24','2018-03-01'),
 ('56','116','0','2018-02-26','2018-03-03'),
 ('116','107','0','2018-03-01','2018-03-06'),
 ('1','86','0','2018-03-02','2018-03-07'),
 ('88','99','0','2018-03-03','2018-03-08'),
 ('65','28','0','2018-03-05','2018-03-10'),
 ('145','42','0','2018-03-08','2018-03-13'),
 ('174','57','0','2018-03-09','2018-03-14'),
 ('42','75','0','2018-03-09','2018-03-14'),
 ('60','41','0','2018-03-10','2018-03-15'),
 ('108','13','0','2018-03-10','2018-03-15'),
 ('164','81','0','2018-03-10','2018-03-15'),
 ('70','117','0','2018-03-13','2018-03-18'),
 ('234','75','0','2018-03-14','2018-03-19'),
 ('90','50','0','2018-03-17','2018-03-22'),
 ('69','60','0','2018-03-22','2018-03-27'),
 ('65','15','0','2018-03-23','2018-03-28'),
 ('176','41','0','2018-03-24','2018-03-29'),
 ('84','32','0','2018-03-24','2018-03-29'),
 ('94','113','0','2018-03-28','2018-04-02'),
 ('6','114','0','2018-03-29','2018-04-03'),
 ('62','27','0','2018-04-02','2018-04-07'),
 ('70','97','0','2018-04-04','2018-04-09'),
 ('232','55','0','2018-04-06','2018-04-11'),
 ('61','32','0','2018-04-07','2018-04-12'),
 ('234','29','0','2018-04-10','2018-04-15'),
 ('140','111','0','2018-04-15','2018-04-20'),
 ('217','79','0','2018-04-16','2018-04-21'),
 ('143','32','0','2018-04-17','2018-04-22'),
 ('226','85','0','2018-04-18','2018-04-23'),
 ('46','107','0','2018-04-19','2018-04-24'),
 ('177','93','0','2018-04-20','2018-04-25'),
 ('146','84','0','2018-04-20','2018-04-25'),
 ('13','59','0','2018-05-01','2018-05-06'),
 ('31','47','0','2018-05-08','2018-05-13'),
 ('229','70','0','2018-05-08','2018-05-13'),
 ('140','29','0','2018-05-11','2018-05-16'),
 ('190','17','0','2018-05-11','2018-05-16'),
 ('125','95','0','2018-05-15','2018-05-20'),
 ('82','107','0','2018-05-18','2018-05-23'),
 ('22','12','0','2018-05-18','2018-05-23'),
 ('9','75','0','2018-05-19','2018-05-24'),
 ('206','105','0','2018-05-21','2018-05-26'),
 ('188','62','0','2018-05-22','2018-05-27'),
 ('174','96','0','2018-05-22','2018-05-27'),
 ('200','121','0','2018-05-23','2018-05-28'),
 ('108','25','0','2018-05-27','2018-06-01'),
 ('20','69','0','2018-05-30','2018-06-04'),
 ('201','36','0','2018-05-30','2018-06-04'),
 ('214','115','0','2018-06-02','2018-06-07'),
 ('147','106','0','2018-06-03','2018-06-08'),
 ('159','61','0','2018-06-04','2018-06-09'),
 ('203','9','0','2018-06-05','2018-06-10'),
 ('138','72','0','2018-06-07','2018-06-12'),
 ('111','18','0','2018-06-08','2018-06-13'),
 ('162','77','0','2018-06-14','2018-06-19'),
 ('93','44','0','2018-06-18','2018-06-23'),
 ('28','54','0','2018-06-23','2018-06-28'),
 ('153','120','0','2018-06-25','2018-06-30'),
 ('182','90','0','2018-06-26','2018-07-01'),
 ('119','47','0','2018-06-27','2018-07-02'),
 ('165','78','0','2018-06-28','2018-07-03'),
 ('135','28','0','2018-07-05','2018-07-10'),
 ('215','53','0','2018-07-06','2018-07-11'),
 ('99','32','0','2018-07-08','2018-07-13'),
 ('176','51','0','2018-07-13','2018-07-18'),
 ('13','29','0','2018-07-17','2018-07-22'),
 ('101','13','0','2018-07-20','2018-07-25'),
 ('125','1','0','2018-07-21','2018-07-26'),
 ('100','101','0','2018-07-26','2018-07-31'),
 ('83','49','0','2018-07-26','2018-07-31'),
 ('47','34','0','2018-07-27','2018-08-01'),
 ('60','11','0','2018-07-29','2018-08-03'),
 ('19','63','0','2018-08-02','2018-08-07'),
 ('11','40','0','2018-08-04','2018-08-09'),
 ('171','4','0','2018-08-06','2018-08-11'),
 ('97','53','0','2018-08-08','2018-08-13'),
 ('0','70','0','2018-08-08','2018-08-13'),
 ('68','89','0','2018-08-15','2018-08-20'),
 ('28','71','0','2018-08-16','2018-08-21'),
 ('207','7','0','2018-08-24','2018-08-29'),
 ('209','64','0','2018-08-25','2018-08-30'),
 ('107','7','0','2018-08-25','2018-08-30'),
 ('43','23','0','2018-08-25','2018-08-30'),
 ('147','85','0','2018-08-27','2018-09-01'),
 ('207','40','0','2018-08-28','2018-09-02'),
 ('218','80','0','2018-08-29','2018-09-03'),
 ('188','46','0','2018-08-29','2018-09-03'),
 ('132','59','0','2018-08-30','2018-09-04'),
 ('248','96','0','2018-08-31','2018-09-05'),
 ('227','97','0','2018-08-31','2018-09-05'),
 ('126','37','0','2018-08-31','2018-09-05'),
 ('75','34','0','2018-09-02','2018-09-07'),
 ('111','34','0','2018-09-04','2018-09-09'),
 ('135','78','0','2018-09-06','2018-09-11'),
 ('78','98','0','2018-09-06','2018-09-11'),
 ('10','118','0','2018-09-11','2018-09-16'),
 ('135','65','0','2018-09-12','2018-09-17'),
 ('80','18','0','2018-09-14','2018-09-19'),
 ('175','47','0','2018-09-15','2018-09-20'),
 ('139','1','0','2018-09-16','2018-09-21'),
 ('171','106','0','2018-09-16','2018-09-21'),
 ('60','69','0','2018-09-17','2018-09-22'),
 ('213','77','0','2018-09-18','2018-09-23'),
 ('219','96','0','2018-09-23','2018-09-28'),
 ('40','31','0','2018-09-25','2018-09-30'),
 ('41','39','0','2018-09-30','2018-10-05'),
 ('45','19','0','2018-10-03','2018-10-08'),
 ('177','83','0','2018-10-05','2018-10-10'),
 ('248','95','0','2018-10-07','2018-10-12'),
 ('140','46','0','2018-10-07','2018-10-12'),
 ('122','73','0','2018-10-08','2018-10-13'),
 ('127','15','0','2018-10-08','2018-10-13'),
 ('54','26','0','2018-10-10','2018-10-15'),
 ('159','92','0','2018-10-11','2018-10-16'),
 ('102','90','0','2018-10-13','2018-10-18'),
 ('155','99','0','2018-10-14','2018-10-19'),
 ('189','105','0','2018-10-14','2018-10-19'),
 ('203','48','0','2018-10-15','2018-10-20'),
 ('74','51','0','2018-10-16','2018-10-21'),
 ('185','80','0','2018-10-20','2018-10-25'),
 ('150','1','0','2018-10-23','2018-10-28'),
 ('4','25','0','2018-10-26','2018-10-31'),
 ('208','50','0','2018-10-28','2018-11-02'),
 ('28','54','0','2018-10-30','2018-11-04'),
 ('168','62','0','2018-11-02','2018-11-07'),
 ('32','70','0','2018-11-07','2018-11-12'),
 ('70','43','0','2018-11-09','2018-11-14'),
 ('34','37','0','2018-11-12','2018-11-17'),
 ('205','13','0','2018-11-13','2018-11-18'),
 ('76','121','0','2018-11-13','2018-11-18'),
 ('73','78','0','2018-11-15','2018-11-20'),
 ('237','55','0','2018-11-17','2018-11-22'),
 ('185','11','0','2018-11-18','2018-11-23'),
 ('103','28','0','2018-11-21','2018-11-26'),
 ('0','37','0','2018-11-22','2018-11-27'),
 ('22','95','0','2018-11-22','2018-11-27'),
 ('84','121','0','2018-11-27','2018-12-02'),
 ('52','44','0','2018-11-29','2018-12-04'),
 ('46','33','0','2018-12-02','2018-12-07'),
 ('238','31','0','2018-12-03','2018-12-08'),
 ('244','17','0','2018-12-04','2018-12-09'),
 ('28','101','0','2018-12-05','2018-12-10'),
 ('122','47','0','2018-12-05','2018-12-10'),
 ('216','78','0','2018-12-13','2018-12-18'),
 ('70','53','0','2018-12-15','2018-12-20'),
 ('12','29','0','2018-12-17','2018-12-22'),
 ('83','89','0','2018-12-17','2018-12-22'),
 ('20','55','0','2018-12-22','2018-12-27'),
 ('244','28','0','2018-12-26','2018-12-31'),
 ('128','105','0','2018-12-27','2019-01-01'),
 ('135','42','0','2018-12-29','2019-01-03'),
 ('196','86','0','2018-12-30','2019-01-04'),
 ('93','81','0','2018-12-30','2019-01-04'),
 ('66','71','0','2018-12-31','2019-01-05'),
 ('165','67','0','2019-01-02','2019-01-07'),
 ('57','100','0','2019-01-03','2019-01-08'),
 ('115','41','0','2019-01-10','2019-01-15'),
 ('250','17','0','2019-01-13','2019-01-18'),
 ('16','60','0','2019-01-13','2019-01-18'),
 ('156','20','0','2019-01-13','2019-01-18'),
 ('18','16','0','2019-01-15','2019-01-20'),
 ('117','49','0','2019-01-16','2019-01-21'),
 ('42','52','0','2019-01-18','2019-01-23'),
 ('163','58','0','2019-01-19','2019-01-24'),
 ('235','104','0','2019-01-23','2019-01-28'),
 ('150','101','0','2019-01-26','2019-01-31'),
 ('89','7','0','2019-01-26','2019-01-31'),
 ('196','114','0','2019-01-27','2019-02-01'),
 ('102','77','0','2019-01-28','2019-02-02'),
 ('16','114','0','2019-01-28','2019-02-02'),
 ('120','39','0','2019-02-02','2019-02-07'),
 ('56','43','0','2019-02-10','2019-02-15'),
 ('72','0','0','2019-02-12','2019-02-17'),
 ('244','117','0','2019-02-13','2019-02-18'),
 ('61','17','0','2019-02-14','2019-02-19'),
 ('43','115','0','2019-02-15','2019-02-20'),
 ('107','69','0','2019-02-22','2019-02-27'),
 ('91','21','0','2019-02-25','2019-03-02'),
 ('233','7','0','2019-02-27','2019-03-04'),
 ('198','4','0','2019-02-28','2019-03-05'),
 ('20','111','0','2019-02-28','2019-03-05'),
 ('62','33','0','2019-03-02','2019-03-07'),
 ('137','20','0','2019-03-02','2019-03-07'),
 ('3','71','0','2019-03-05','2019-03-10'),
 ('239','62','0','2019-03-09','2019-03-14'),
 ('197','3','0','2019-03-12','2019-03-17'),
 ('167','114','0','2019-03-13','2019-03-18'),
 ('169','89','0','2019-03-14','2019-03-19'),
 ('154','46','0','2019-03-14','2019-03-19'),
 ('172','7','0','2019-03-14','2019-03-19'),
 ('111','68','0','2019-03-16','2019-03-21'),
 ('218','75','0','2019-03-20','2019-03-25'),
 ('10','28','0','2019-03-21','2019-03-26'),
 ('93','121','0','2019-03-22','2019-03-27'),
 ('134','116','0','2019-03-24','2019-03-29'),
 ('170','73','0','2019-03-24','2019-03-29'),
 ('25','79','0','2019-03-25','2019-03-30'),
 ('21','94','0','2019-03-26','2019-03-31'),
 ('204','22','0','2019-03-29','2019-04-03'),
 ('34','65','0','2019-03-30','2019-04-04'),
 ('143','64','0','2019-04-02','2019-04-07'),
 ('147','80','0','2019-04-03','2019-04-08'),
 ('132','11','0','2019-04-04','2019-04-09'),
 ('16','115','0','2019-04-04','2019-04-09'),
 ('189','39','0','2019-04-05','2019-04-10'),
 ('55','9','0','2019-04-06','2019-04-11'),
 ('68','21','0','2019-04-06','2019-04-11'),
 ('249','99','0','2019-04-06','2019-04-11'),
 ('134','72','0','2019-04-06','2019-04-11'),
 ('126','106','0','2019-04-08','2019-04-13'),
 ('57','16','0','2019-04-13','2019-04-18'),
 ('101','86','0','2019-04-14','2019-04-19'),
 ('83','98','0','2019-04-17','2019-04-22'),
 ('245','119','0','2019-04-20','2019-04-25'),
 ('207','17','0','2019-04-22','2019-04-27'),
 ('172','33','0','2019-04-25','2019-04-30'),
 ('12','113','0','2019-04-25','2019-04-30'),
 ('234','90','0','2019-04-28','2019-05-03'),
 ('197','72','0','2019-04-28','2019-05-03'),
 ('157','34','0','2019-04-30','2019-05-05'),
 ('228','47','0','2019-05-03','2019-05-08'),
 ('65','60','0','2019-05-07','2019-05-12'),
 ('51','26','0','2019-05-11','2019-05-16'),
 ('102','61','0','2019-05-18','2019-05-23'),
 ('228','14','0','2019-05-21','2019-05-26'),
 ('215','29','0','2019-05-23','2019-05-28'),
 ('40','116','0','2019-05-24','2019-05-29'),
 ('89','11','0','2019-05-25','2019-05-30'),
 ('119','98','0','2019-05-30','2019-06-04'),
 ('116','25','0','2019-05-30','2019-06-04'),
 ('235','58','0','2019-05-31','2019-06-05'),
 ('167','63','0','2019-05-31','2019-06-05'),
 ('236','30','0','2019-06-03','2019-06-08'),
 ('18','74','0','2019-06-05','2019-06-10'),
 ('37','34','0','2019-06-07','2019-06-12'),
 ('182','111','0','2019-06-11','2019-06-16'),
 ('120','19','0','2019-06-11','2019-06-16'),
 ('160','86','0','2019-06-14','2019-06-19'),
 ('131','45','0','2019-06-15','2019-06-20'),
 ('97','9','0','2019-06-15','2019-06-20'),
 ('182','8','0','2019-06-16','2019-06-21'),
 ('220','39','0','2019-06-17','2019-06-22'),
 ('237','79','0','2019-06-17','2019-06-22'),
 ('41','39','0','2019-06-17','2019-06-22'),
 ('9','93','0','2019-06-18','2019-06-23'),
 ('147','2','0','2019-06-19','2019-06-24'),
 ('201','114','0','2019-06-21','2019-06-26'),
 ('227','90','0','2019-06-22','2019-06-27'),
 ('210','36','0','2019-06-25','2019-06-30'),
 ('69','36','0','2019-06-25','2019-06-30'),
 ('48','47','0','2019-06-26','2019-07-01'),
 ('57','88','0','2019-06-28','2019-07-03'),
 ('3','12','0','2019-07-03','2019-07-08'),
 ('31','27','0','2019-07-04','2019-07-09'),
 ('130','102','0','2019-07-04','2019-07-09'),
 ('222','33','0','2019-07-06','2019-07-11'),
 ('143','31','0','2019-07-10','2019-07-15'),
 ('140','87','0','2019-07-12','2019-07-17'),
 ('148','19','0','2019-07-13','2019-07-18'),
 ('173','42','0','2019-07-14','2019-07-19'),
 ('212','99','0','2019-07-17','2019-07-22'),
 ('250','86','0','2019-07-18','2019-07-23'),
 ('239','77','0','2019-07-18','2019-07-23'),
 ('134','88','0','2019-07-21','2019-07-26'),
 ('51','71','0','2019-07-22','2019-07-27'),
 ('123','102','0','2019-07-22','2019-07-27'),
 ('188','37','0','2019-07-25','2019-07-30'),
 ('236','14','0','2019-07-28','2019-08-02'),
 ('8','119','0','2019-07-30','2019-08-04'),
 ('68','64','0','2019-07-31','2019-08-05'),
 ('22','80','0','2019-08-03','2019-08-08'),
 ('69','2','0','2019-08-03','2019-08-08'),
 ('140','12','0','2019-08-04','2019-08-09'),
 ('98','20','0','2019-08-04','2019-08-09'),
 ('185','44','0','2019-08-08','2019-08-13'),
 ('113','66','0','2019-08-09','2019-08-14'),
 ('173','32','0','2019-08-11','2019-08-16'),
 ('160','84','0','2019-08-11','2019-08-16'),
 ('34','32','0','2019-08-12','2019-08-17'),
 ('16','75','0','2019-08-15','2019-08-20'),
 ('42','24','0','2019-08-15','2019-08-20'),
 ('46','67','0','2019-08-16','2019-08-21'),
 ('57','98','0','2019-08-17','2019-08-22'),
 ('52','95','0','2019-08-22','2019-08-27'),
 ('94','17','0','2019-08-25','2019-08-30'),
 ('34','96','0','2019-08-26','2019-08-31'),
 ('15','18','0','2019-08-29','2019-09-03'),
 ('230','52','0','2019-09-02','2019-09-07'),
 ('92','50','0','2019-09-03','2019-09-08'),
 ('244','20','0','2019-09-04','2019-09-09'),
 ('48','88','0','2019-09-08','2019-09-13'),
 ('89','43','0','2019-09-08','2019-09-13'),
 ('94','10','0','2019-09-10','2019-09-15'),
 ('126','78','0','2019-09-11','2019-09-16'),
 ('166','117','0','2019-09-12','2019-09-17'),
 ('51','77','0','2019-09-13','2019-09-18'),
 ('188','71','0','2019-09-15','2019-09-20'),
 ('211','3','0','2019-09-23','2019-09-28'),
 ('32','16','0','2019-09-25','2019-09-30'),
 ('27','78','0','2019-09-28','2019-10-03'),
 ('49','67','0','2019-09-28','2019-10-03'),
 ('227','7','0','2019-09-29','2019-10-04'),
 ('35','67','0','2019-10-03','2019-10-08'),
 ('58','58','0','2019-10-03','2019-10-08'),
 ('99','99','0','2019-10-04','2019-10-09'),
 ('106','117','0','2019-10-05','2019-10-10'),
 ('151','2','0','2019-10-09','2019-10-14'),
 ('123','8','0','2019-10-12','2019-10-17'),
 ('173','17','0','2019-10-15','2019-10-20'),
 ('169','72','0','2019-10-16','2019-10-21'),
 ('208','1','0','2019-10-21','2019-10-26'),
 ('181','52','0','2019-10-21','2019-10-26'),
 ('235','77','0','2019-10-24','2019-10-29'),
 ('104','69','0','2019-10-26','2019-10-31'),
 ('35','103','0','2019-10-28','2019-11-02'),
 ('218','116','0','2019-11-01','2019-11-06'),
 ('31','74','0','2019-11-03','2019-11-08'),
 ('172','93','0','2019-11-03','2019-11-08'),
 ('10','56','0','2019-11-04','2019-11-09'),
 ('249','39','0','2019-11-05','2019-11-10'),
 ('32','40','0','2019-11-06','2019-11-11'),
 ('143','76','0','2019-11-06','2019-11-11'),
 ('130','32','0','2019-11-06','2019-11-11'),
 ('45','118','0','2019-11-07','2019-11-12'),
 ('88','28','0','2019-11-09','2019-11-14'),
 ('102','113','0','2019-11-09','2019-11-14'),
 ('239','67','0','2019-11-10','2019-11-15'),
 ('199','59','0','2019-11-10','2019-11-15'),
 ('52','54','0','2019-11-14','2019-11-19'),
 ('22','32','0','2019-11-17','2019-11-22'),
 ('225','75','0','2019-11-18','2019-11-23'),
 ('198','78','0','2019-11-20','2019-11-25'),
 ('174','83','0','2019-11-21','2019-11-26'),
 ('53','48','0','2019-11-22','2019-11-27'),
 ('139','108','0','2019-11-26','2019-12-01'),
 ('77','24','0','2019-11-26','2019-12-01'),
 ('159','63','0','2019-11-27','2019-12-02'),
 ('222','112','0','2019-11-28','2019-12-03'),
 ('166','21','0','2019-12-04','2019-12-09'),
 ('89','42','0','2019-12-04','2019-12-09'),
 ('153','105','0','2019-12-07','2019-12-12'),
 ('160','80','0','2019-12-09','2019-12-14'),
 ('101','5','0','2019-12-10','2019-12-15'),
 ('186','86','0','2019-12-10','2019-12-15'),
 ('220','89','0','2019-12-11','2019-12-16'),
 ('145','38','0','2019-12-15','2019-12-20'),
 ('25','67','0','2019-12-16','2019-12-21'),
 ('48','90','0','2019-12-20','2019-12-25'),
 ('45','15','0','2019-12-21','2019-12-26'),
 ('224','66','0','2019-12-21','2019-12-26'),
 ('9','7','0','2019-12-22','2019-12-27'),
 ('246','82','0','2019-12-25','2019-12-30'),
 ('40','51','0','2019-12-26','2019-12-31'),
 ('29','56','0','2020-01-01','2020-01-06'),
 ('67','35','0','2020-01-01','2020-01-06'),
 ('108','4','0','2020-01-04','2020-01-09'),
 ('57','29','0','2020-01-04','2020-01-09'),
 ('42','32','0','2020-01-07','2020-01-12'),
 ('111','29','0','2020-01-08','2020-01-13'),
 ('89','41','0','2020-01-08','2020-01-13'),
 ('27','107','0','2020-01-09','2020-01-14'),
 ('231','97','0','2020-01-10','2020-01-15'),
 ('2','29','0','2020-01-11','2020-01-16'),
 ('195','30','0','2020-01-11','2020-01-16'),
 ('104','67','0','2020-01-12','2020-01-17'),
 ('192','24','0','2020-01-16','2020-01-21'),
 ('87','37','0','2020-01-18','2020-01-23'),
 ('169','3','0','2020-01-25','2020-01-30'),
 ('208','6','0','2020-01-27','2020-02-01'),
 ('239','101','0','2020-01-29','2020-02-03'),
 ('8','16','0','2020-01-29','2020-02-03'),
 ('169','62','0','2020-01-31','2020-02-05'),
 ('180','121','0','2020-02-01','2020-02-06'),
 ('174','31','0','2020-02-04','2020-02-09'),
 ('88','91','0','2020-02-06','2020-02-11'),
 ('121','90','0','2020-02-10','2020-02-15'),
 ('87','121','0','2020-02-11','2020-02-16'),
 ('123','88','0','2020-02-11','2020-02-16'),
 ('157','13','0','2020-02-12','2020-02-17'),
 ('44','91','0','2020-02-16','2020-02-21'),
 ('223','6','0','2020-02-18','2020-02-23'),
 ('207','33','0','2020-02-19','2020-02-24'),
 ('16','6','0','2020-02-20','2020-02-25'),
 ('214','115','0','2020-02-20','2020-02-25'),
 ('239','116','0','2020-02-23','2020-02-28'),
 ('133','119','0','2020-02-24','2020-02-29'),
 ('17','105','0','2020-02-26','2020-03-02'),
 ('8','105','0','2020-02-26','2020-03-02'),
 ('248','73','0','2020-02-26','2020-03-02'),
 ('178','113','0','2020-02-27','2020-03-03'),
 ('203','74','0','2020-02-29','2020-03-05'),
 ('121','11','0','2020-03-05','2020-03-10'),
 ('14','21','0','2020-03-10','2020-03-15'),
 ('65','61','0','2020-03-10','2020-03-15'),
 ('63','11','0','2020-03-14','2020-03-19'),
 ('64','12','0','2020-03-14','2020-03-19'),
 ('186','82','0','2020-03-18','2020-03-23'),
 ('192','112','0','2020-03-19','2020-03-24'),
 ('84','61','0','2020-03-21','2020-03-26'),
 ('0','61','0','2020-03-21','2020-03-26'),
 ('99','18','0','2020-03-21','2020-03-26'),
 ('150','88','0','2020-03-26','2020-03-31'),
 ('210','70','0','2020-03-26','2020-03-31'),
 ('152','7','0','2020-03-27','2020-04-01'),
 ('161','104','0','2020-03-28','2020-04-02'),
 ('94','102','0','2020-04-02','2020-04-07'),
 ('158','113','0','2020-04-04','2020-04-09'),
 ('34','50','0','2020-04-05','2020-04-10'),
 ('54','40','0','2020-04-07','2020-04-12'),
 ('167','97','0','2020-04-08','2020-04-13'),
 ('11','91','0','2020-04-14','2020-04-19'),
 ('242','83','0','2020-04-17','2020-04-22'),
 ('104','33','0','2020-04-17','2020-04-22'),
 ('158','60','0','2020-04-17','2020-04-22'),
 ('224','20','0','2020-04-20','2020-04-25'),
 ('46','20','0','2020-04-21','2020-04-26'),
 ('237','29','0','2020-04-24','2020-04-29'),
 ('132','10','0','2020-04-26','2020-05-01'),
 ('148','74','0','2020-04-26','2020-05-01'),
 ('91','50','0','2020-04-28','2020-05-03'),
 ('249','59','0','2020-05-03','2020-05-08'),
 ('191','46','0','2020-05-04','2020-05-09'),
 ('205','28','0','2020-05-06','2020-05-11'),
 ('100','102','0','2020-05-06','2020-05-11'),
 ('54','65','0','2020-05-07','2020-05-12'),
 ('195','44','0','2020-05-09','2020-05-14'),
 ('73','12','0','2020-05-10','2020-05-15'),
 ('73','46','0','2020-05-11','2020-05-16'),
 ('57','87','0','2020-05-11','2020-05-16'),
 ('101','97','0','2020-05-12','2020-05-17'),
 ('46','66','0','2020-05-13','2020-05-18'),
 ('218','31','0','2020-05-15','2020-05-20'),
 ('235','83','0','2020-05-16','2020-05-21'),
 ('39','54','0','2020-05-16','2020-05-21'),
 ('161','54','0','2020-05-17','2020-05-22'),
 ('235','52','0','2020-05-21','2020-05-26'),
 ('124','30','0','2020-05-25','2020-05-30'),
 ('231','76','0','2020-05-25','2020-05-30'),
 ('57','56','0','2020-05-27','2020-06-01'),
 ('123','19','0','2020-05-28','2020-06-02'),
 ('193','109','0','2020-05-30','2020-06-04'),
 ('17','21','0','2020-05-30','2020-06-04'),
 ('102','53','0','2020-06-03','2020-06-08'),
 ('197','20','0','2020-06-05','2020-06-10'),
 ('222','32','0','2020-06-07','2020-06-12'),
 ('143','22','0','2020-06-07','2020-06-12'),
 ('165','15','0','2020-06-09','2020-06-14'),
 ('114','33','0','2020-06-09','2020-06-14'),
 ('42','5','0','2020-06-11','2020-06-16'),
 ('55','55','0','2020-06-12','2020-06-17'),
 ('83','17','0','2020-06-12','2020-06-17'),
 ('182','113','0','2020-06-13','2020-06-18'),
 ('24','108','0','2020-06-18','2020-06-23'),
 ('95','23','0','2020-06-18','2020-06-23'),
 ('249','12','0','2020-06-19','2020-06-24'),
 ('121','75','0','2020-06-20','2020-06-25'),
 ('139','87','0','2020-06-20','2020-06-25'),
 ('136','1','0','2020-06-21','2020-06-26'),
 ('198','14','0','2020-06-25','2020-06-30'),
 ('43','76','0','2020-06-27','2020-07-02'),
 ('173','30','0','2020-07-01','2020-07-06'),
 ('203','121','0','2020-07-02','2020-07-07'),
 ('203','7','0','2020-07-03','2020-07-08'),
 ('174','68','0','2020-07-06','2020-07-11'),
 ('232','83','0','2020-07-08','2020-07-13'),
 ('197','83','0','2020-07-08','2020-07-13'),
 ('44','22','0','2020-07-09','2020-07-14'),
 ('74','83','0','2020-07-11','2020-07-16'),
 ('56','66','0','2020-07-11','2020-07-16'),
 ('176','6','0','2020-07-15','2020-07-20'),
 ('142','98','0','2020-07-16','2020-07-21'),
 ('41','59','0','2020-07-16','2020-07-21'),
 ('150','31','0','2020-07-16','2020-07-21'),
 ('207','64','0','2020-07-19','2020-07-24'),
 ('152','95','0','2020-07-24','2020-07-29'),
 ('113','111','0','2020-07-24','2020-07-29'),
 ('118','22','0','2020-07-25','2020-07-30'),
 ('195','109','0','2020-07-26','2020-07-31'),
 ('231','117','0','2020-07-29','2020-08-03'),
 ('188','73','0','2020-08-01','2020-08-06'),
 ('92','5','0','2020-08-02','2020-08-07'),
 ('32','57','0','2020-08-02','2020-08-07'),
 ('116','43','0','2020-08-03','2020-08-08'),
 ('99','99','0','2020-08-03','2020-08-08'),
 ('236','58','0','2020-08-03','2020-08-08'),
 ('216','63','0','2020-08-06','2020-08-11'),
 ('45','94','0','2020-08-06','2020-08-11'),
 ('121','104','0','2020-08-07','2020-08-12'),
 ('182','22','0','2020-08-08','2020-08-13'),
 ('39','106','0','2020-08-09','2020-08-14'),
 ('152','7','0','2020-08-12','2020-08-17'),
 ('95','67','0','2020-08-13','2020-08-18'),
 ('139','91','0','2020-08-16','2020-08-21'),
 ('138','97','0','2020-08-21','2020-08-26'),
 ('214','56','0','2020-08-22','2020-08-27'),
 ('149','18','0','2020-08-22','2020-08-27'),
 ('120','47','0','2020-08-24','2020-08-29'),
 ('98','8','0','2020-08-24','2020-08-29'),
 ('178','55','0','2020-08-24','2020-08-29'),
 ('105','17','0','2020-08-25','2020-08-30'),
 ('19','52','0','2020-08-26','2020-08-31'),
 ('228','81','0','2020-09-01','2020-09-06'),
 ('20','114','0','2020-09-02','2020-09-07'),
 ('192','66','0','2020-09-03','2020-09-08'),
 ('102','33','0','2020-09-04','2020-09-09'),
 ('100','110','0','2020-09-07','2020-09-12'),
 ('238','51','0','2020-09-10','2020-09-15'),
 ('79','120','0','2020-09-13','2020-09-18'),
 ('110','54','0','2020-09-19','2020-09-24'),
 ('114','12','0','2020-09-19','2020-09-24'),
 ('232','36','0','2020-09-21','2020-09-26'),
 ('140','30','0','2020-09-24','2020-09-29'),
 ('213','93','0','2020-09-27','2020-10-02'),
 ('58','46','0','2020-10-02','2020-10-07'),
 ('111','120','0','2020-10-02','2020-10-07'),
 ('118','62','0','2020-10-05','2020-10-10'),
 ('236','1','0','2020-10-08','2020-10-13'),
 ('117','117','0','2020-10-16','2020-10-21'),
 ('204','83','0','2020-10-17','2020-10-22'),
 ('165','85','0','2020-10-19','2020-10-24'),
 ('95','107','0','2020-10-21','2020-10-26'),
 ('173','55','0','2020-10-21','2020-10-26'),
 ('79','27','0','2020-10-24','2020-10-29'),
 ('20','31','0','2020-10-25','2020-10-30'),
 ('200','43','0','2020-10-29','2020-11-03'),
 ('184','90','0','2020-10-30','2020-11-04'),
 ('220','111','0','2020-11-01','2020-11-06'),
 ('164','77','0','2020-11-01','2020-11-06'),
 ('103','28','0','2020-11-03','2020-11-08'),
 ('90','46','0','2020-11-03','2020-11-08'),
 ('232','115','0','2020-11-04','2020-11-09'),
 ('67','55','0','2020-11-08','2020-11-13'),
 ('17','73','0','2020-11-11','2020-11-16'),
 ('233','82','0','2020-11-11','2020-11-16'),
 ('219','49','0','2020-11-12','2020-11-17'),
 ('110','24','0','2020-11-14','2020-11-19'),
 ('161','51','0','2020-11-14','2020-11-19'),
 ('73','20','0','2020-11-14','2020-11-19'),
 ('222','119','0','2020-11-15','2020-11-20'),
 ('150','5','0','2020-11-15','2020-11-20'),
 ('38','54','0','2020-11-15','2020-11-20'),
 ('180','69','0','2020-11-16','2020-11-21'),
 ('4','111','0','2020-11-21','2020-11-26'),
 ('182','99','0','2020-11-24','2020-11-29'),
 ('105','30','0','2020-11-29','2020-12-04'),
 ('202','51','0','2020-11-29','2020-12-04'),
 ('201','11','0','2020-11-29','2020-12-04'),
 ('242','89','0','2020-12-02','2020-12-07'),
 ('0','12','0','2020-12-03','2020-12-08'),
 ('44','110','0','2020-12-03','2020-12-08'),
 ('70','65','0','2020-12-05','2020-12-10'),
 ('142','26','0','2020-12-06','2020-12-11'),
 ('106','97','0','2020-12-07','2020-12-12'),
 ('186','11','0','2020-12-10','2020-12-15'),
 ('31','107','0','2020-12-12','2020-12-17'),
 ('167','35','0','2020-12-15','2020-12-20'),
 ('22','27','0','2020-12-15','2020-12-20'),
 ('30','37','0','2020-12-19','2020-12-24'),
 ('162','110','0','2020-12-21','2020-12-26'),
 ('137','7','0','2020-12-21','2020-12-26'),
 ('200','27','0','2020-12-22','2020-12-27'),
 ('78','60','0','2020-12-24','2020-12-29'),
 ('159','12','0','2020-12-30','2021-01-04'),
 ('11','111','0','2020-12-31','2021-01-05'),
 ('5','53','0','2020-12-31','2021-01-05'),
 ('107','71','0','2021-01-01','2021-01-06'),
 ('74','61','0','2021-01-04','2021-01-09'),
 ('68','112','0','2021-01-09','2021-01-14'),
 ('157','0','0','2021-01-10','2021-01-15'),
 ('45','61','0','2021-01-12','2021-01-17'),
 ('122','118','0','2021-01-14','2021-01-19'),
 ('143','9','0','2021-01-16','2021-01-21'),
 ('205','42','0','2021-01-17','2021-01-22'),
 ('60','106','0','2021-01-19','2021-01-24'),
 ('141','26','0','2021-01-22','2021-01-27'),
 ('51','41','0','2021-01-23','2021-01-28'),
 ('103','29','0','2021-01-25','2021-01-30'),
 ('14','35','0','2021-01-26','2021-01-31'),
 ('109','83','0','2021-01-28','2021-02-02'),
 ('62','1','0','2021-01-29','2021-02-03'),
 ('3','68','0','2021-01-29','2021-02-03'),
 ('11','115','0','2021-01-29','2021-02-03'),
 ('158','2','0','2021-01-30','2021-02-04'),
 ('249','36','0','2021-01-30','2021-02-04'),
 ('71','2','0','2021-01-30','2021-02-04'),
 ('104','12','0','2021-02-01','2021-02-06'),
 ('2','71','0','2021-02-02','2021-02-07'),
 ('129','52','0','2021-02-03','2021-02-08'),
 ('63','11','0','2021-02-07','2021-02-12'),
 ('95','54','0','2021-02-08','2021-02-13'),
 ('176','52','0','2021-02-08','2021-02-13'),
 ('250','34','0','2021-02-11','2021-02-16'),
 ('211','17','0','2021-02-11','2021-02-16'),
 ('70','93','0','2021-02-12','2021-02-17'),
 ('15','56','0','2021-02-12','2021-02-17'),
 ('138','61','0','2021-02-12','2021-02-17'),
 ('168','53','0','2021-02-15','2021-02-20'),
 ('231','22','0','2021-02-16','2021-02-21'),
 ('163','27','0','2021-02-16','2021-02-21'),
 ('111','30','0','2021-02-22','2021-02-27'),
 ('245','11','0','2021-02-24','2021-03-01'),
 ('235','74','0','2021-02-25','2021-03-02'),
 ('83','106','0','2021-02-27','2021-03-04'),
 ('222','109','0','2021-02-27','2021-03-04'),
 ('68','110','0','2021-03-03','2021-03-08'),
 ('246','36','0','2021-03-05','2021-03-10'),
 ('234','19','0','2021-03-08','2021-03-13'),
 ('204','84','0','2021-03-10','2021-03-15'),
 ('1','117','0','2021-03-13','2021-03-18'),
 ('58','15','0','2021-03-14','2021-03-19'),
 ('226','67','0','2021-03-14','2021-03-19'),
 ('27','11','0','2021-03-19','2021-03-24'),
 ('46','15','0','2021-03-19','2021-03-24'),
 ('222','15','0','2021-03-20','2021-03-25'),
 ('234','95','0','2021-03-28','2021-04-02'),
 ('20','1','0','2021-03-30','2021-04-04'),
 ('39','94','0','2021-03-31','2021-04-05'),
 ('10','62','0','2021-04-03','2021-04-08'),
 ('138','36','0','2021-04-04','2021-04-09'),
 ('111','15','0','2021-04-05','2021-04-10'),
 ('38','23','0','2021-04-06','2021-04-11'),
 ('36','5','0','2021-04-07','2021-04-12'),
 ('162','45','0','2021-04-07','2021-04-12'),
 ('172','66','0','2021-04-10','2021-04-15'),
 ('242','69','0','2021-04-10','2021-04-15'),
 ('230','99','0','2021-04-11','2021-04-16'),
 ('160','95','0','2021-04-12','2021-04-17'),
 ('37','65','0','2021-04-14','2021-04-19'),
 ('12','68','0','2021-04-14','2021-04-19'),
 ('39','9','0','2021-04-19','2021-04-24'),
 ('108','77','0','2021-04-19','2021-04-24'),
 ('230','42','0','2021-04-21','2021-04-26'),
 ('49','91','0','2021-04-22','2021-04-27'),
 ('35','103','0','2021-04-24','2021-04-29'),
 ('142','120','0','2021-04-30','2021-05-05'),
 ('76','78','0','2021-05-02','2021-05-07'),
 ('32','101','0','2021-05-03','2021-05-08'),
 ('101','19','0','2021-05-03','2021-05-08'),
 ('175','106','0','2021-05-05','2021-05-10'),
 ('153','25','0','2021-05-06','2021-05-11'),
 ('18','81','0','2021-05-06','2021-05-11'),
 ('100','82','0','2021-05-06','2021-05-11'),
 ('8','90','0','2021-05-09','2021-05-14'),
 ('221','79','0','2021-05-22','2021-05-27'),
 ('247','49','0','2021-05-22','2021-05-27'),
 ('173','28','0','2021-05-23','2021-05-28'),
 ('104','44','0','2021-05-25','2021-05-30'),
 ('105','22','0','2021-05-27','2021-06-01'),
 ('112','87','0','2021-05-27','2021-06-01'),
 ('107','1','0','2021-05-29','2021-06-03'),
 ('50','111','0','2021-05-29','2021-06-03'),
 ('207','21','0','2021-05-30','2021-06-04'),
 ('97','1','0','2021-05-31','2021-06-05'),
 ('138','55','0','2021-06-04','2021-06-09'),
 ('85','88','0','2021-06-10','2021-06-15'),
 ('59','107','0','2021-06-16','2021-06-21'),
 ('102','120','0','2021-06-18','2021-06-23'),
 ('15','104','0','2021-06-19','2021-06-24'),
 ('105','14','0','2021-06-20','2021-06-25'),
 ('242','50','0','2021-06-21','2021-06-26'),
 ('102','107','0','2021-06-22','2021-06-27'),
 ('156','57','0','2021-06-26','2021-07-01'),
 ('152','94','0','2021-06-27','2021-07-02'),
 ('112','80','0','2021-06-28','2021-07-03'),
 ('31','20','0','2021-07-03','2021-07-08'),
 ('151','94','0','2021-07-03','2021-07-08'),
 ('193','69','0','2021-07-05','2021-07-10'),
 ('196','48','0','2021-07-08','2021-07-13'),
 ('174','50','0','2021-07-10','2021-07-15'),
 ('201','121','0','2021-07-11','2021-07-16'),
 ('221','56','0','2021-07-11','2021-07-16'),
 ('133','47','0','2021-07-14','2021-07-19'),
 ('250','71','0','2021-07-17','2021-07-22'),
 ('129','97','0','2021-07-20','2021-07-25'),
 ('21','17','0','2021-07-22','2021-07-27'),
 ('58','109','0','2021-07-23','2021-07-28'),
 ('35','25','0','2021-07-26','2021-07-31'),
 ('122','74','0','2021-07-27','2021-08-01'),
 ('37','48','0','2021-07-28','2021-08-02'),
 ('29','6','0','2021-07-29','2021-08-03'),
 ('231','68','0','2021-08-03','2021-08-08'),
 ('15','90','0','2021-08-04','2021-08-09'),
 ('198','96','0','2021-08-04','2021-08-09'),
 ('236','15','0','2021-08-05','2021-08-10'),
 ('178','106','0','2021-08-06','2021-08-11'),
 ('240','96','0','2021-08-06','2021-08-11'),
 ('93','113','0','2021-08-07','2021-08-12'),
 ('240','20','0','2021-08-07','2021-08-12'),
 ('221','61','0','2021-08-09','2021-08-14'),
 ('89','103','0','2021-08-12','2021-08-17'),
 ('249','83','0','2021-08-15','2021-08-20'),
 ('28','61','0','2021-08-17','2021-08-22'),
 ('133','22','0','2021-08-19','2021-08-24'),
 ('149','17','0','2021-08-20','2021-08-25'),
 ('79','16','0','2021-08-22','2021-08-27'),
 ('173','33','0','2021-08-28','2021-09-02'),
 ('196','24','0','2021-08-30','2021-09-04'),
 ('37','20','0','2021-08-31','2021-09-05'),
 ('218','55','0','2021-09-02','2021-09-07'),
 ('228','21','0','2021-09-04','2021-09-09'),
 ('102','15','0','2021-09-06','2021-09-11'),
 ('125','63','0','2021-09-07','2021-09-12'),
 ('175','90','0','2021-09-08','2021-09-13'),
 ('89','64','0','2021-09-09','2021-09-14'),
 ('199','112','0','2021-09-10','2021-09-15'),
 ('225','71','0','2021-09-11','2021-09-16'),
 ('54','121','0','2021-09-13','2021-09-18'),
 ('128','95','0','2021-09-14','2021-09-19'),
 ('130','20','0','2021-09-16','2021-09-21'),
 ('136','14','0','2021-09-19','2021-09-24'),
 ('126','42','0','2021-09-20','2021-09-25'),
 ('104','109','0','2021-09-21','2021-09-26'),
 ('71','8','0','2021-09-22','2021-09-27'),
 ('121','51','0','2021-09-22','2021-09-27'),
 ('89','77','0','2021-09-24','2021-09-29'),
 ('225','108','0','2021-09-27','2021-10-02'),
 ('184','51','0','2021-09-28','2021-10-03'),
 ('44','113','0','2021-09-29','2021-10-04'),
 ('110','3','0','2021-09-30','2021-10-05'),
 ('30','116','0','2021-10-06','2021-10-11'),
 ('151','75','0','2021-10-08','2021-10-13'),
 ('222','73','0','2021-10-08','2021-10-13'),
 ('222','17','0','2021-10-08','2021-10-13'),
 ('60','74','0','2021-10-14','2021-10-19'),
 ('49','121','0','2021-10-14','2021-10-19'),
 ('188','52','0','2021-10-17','2021-10-22'),
 ('38','105','0','2021-10-18','2021-10-23'),
 ('142','28','0','2021-10-19','2021-10-24'),
 ('45','84','0','2021-10-19','2021-10-24'),
 ('28','70','0','2021-10-21','2021-10-26'),
 ('140','98','0','2021-10-22','2021-10-27'),
 ('58','76','0','2021-10-23','2021-10-28'),
 ('177','80','0','2021-10-23','2021-10-28'),
 ('102','79','0','2021-10-24','2021-10-29'),
 ('130','100','0','2021-10-26','2021-10-31'),
 ('224','63','0','2021-10-30','2021-11-04'),
 ('57','62','0','2021-10-30','2021-11-04'),
 ('207','82','0','2021-11-01','2021-11-06'),
 ('193','105','0','2021-11-03','2021-11-08'),
 ('188','51','0','2021-11-05','2021-11-10'),
 ('52','28','0','2021-11-05','2021-11-10'),
 ('163','45','0','2021-11-06','2021-11-11'),
 ('32','117','0','2021-11-07','2021-11-12'),
 ('118','7','0','2021-11-10','2021-11-15'),
 ('227','30','0','2021-11-13','2021-11-18'),
 ('62','115','0','2021-11-14','2021-11-19'),
 ('74','27','0','2021-11-14','2021-11-19'),
 ('40','119','0','2021-11-14','2021-11-19'),
 ('216','41','0','2021-11-17','2021-11-22'),
 ('184','37','0','2021-11-21','2021-11-26'),
 ('5','0','0','2021-11-22','2021-11-27'),
 ('186','9','0','2021-11-23','2021-11-28'),
 ('163','25','0','2021-11-23','2021-11-28'),
 ('112','35','0','2021-11-24','2021-11-29'),
 ('223','67','0','2021-11-25','2021-11-30'),
 ('122','25','0','2021-11-25','2021-11-30'),
 ('140','35','0','2021-11-25','2021-11-30'),
 ('224','56','0','2021-11-26','2021-12-01'),
 ('207','52','0','2021-11-29','2021-12-04'),
 ('170','79','0','2021-12-10','2021-12-15'),
 ('48','46','0','2021-12-12','2021-12-17'),
 ('49','39','0','2021-12-14','2021-12-19'),
 ('20','28','0','2021-12-15','2021-12-20'),
 ('38','110','0','2021-12-18','2021-12-23'),
 ('164','80','0','2021-12-21','2021-12-26'),
 ('160','55','0','2021-12-22','2021-12-27'),
 ('134','65','0','2021-12-23','2021-12-28'),
 ('43','31','0','2021-12-23','2021-12-28'),
 ('148','71','0','2021-12-29','2022-01-03'),
 ('79','42','0','2022-01-01','2022-01-06'),
 ('154','112','0','2022-01-01','2022-01-06'),
 ('2','75','0','2022-01-01','2022-01-06'),
 ('197','18','0','2022-01-07','2022-01-12'),
 ('240','9','0','2022-01-08','2022-01-13'),
 ('225','57','0','2022-01-09','2022-01-14'),
 ('182','102','0','2022-01-10','2022-01-15'),
 ('240','89','0','2022-01-11','2022-01-16'),
 ('71','52','0','2022-01-13','2022-01-18'),
 ('134','38','0','2022-01-15','2022-01-20'),
 ('219','111','0','2022-01-15','2022-01-20'),
 ('152','40','0','2022-01-15','2022-01-20'),
 ('183','88','0','2022-01-18','2022-01-23'),
 ('101','63','0','2022-01-20','2022-01-25'),
 ('38','109','0','2022-01-21','2022-01-26'),
 ('6','12','0','2022-01-24','2022-01-29'),
 ('81','23','0','2022-01-29','2022-02-03'),
 ('158','103','0','2022-01-30','2022-02-04'),
 ('7','80','0','2022-01-31','2022-02-05'),
 ('99','104','0','2022-02-03','2022-02-08'),
 ('42','110','0','2022-02-03','2022-02-08'),
 ('30','23','0','2022-02-03','2022-02-08'),
 ('224','76','0','2022-02-06','2022-02-11'),
 ('143','74','0','2022-02-06','2022-02-11'),
 ('58','27','0','2022-02-07','2022-02-12'),
 ('244','92','0','2022-02-10','2022-02-15'),
 ('221','8','0','2022-02-13','2022-02-18'),
 ('120','57','0','2022-02-17','2022-02-22'),
 ('197','44','0','2022-02-19','2022-02-24'),
 ('219','45','0','2022-02-20','2022-02-25'),
 ('224','115','0','2022-02-21','2022-02-26'),
 ('231','90','0','2022-02-21','2022-02-26'),
 ('221','6','0','2022-02-24','2022-03-01'),
 ('167','21','0','2022-02-26','2022-03-03'),
 ('43','71','0','2022-03-02','2022-03-07'),
 ('227','38','0','2022-03-06','2022-03-11'),
 ('212','66','0','2022-03-08','2022-03-13'),
 ('167','93','0','2022-03-08','2022-03-13'),
 ('39','99','0','2022-03-08','2022-03-13'),
 ('240','20','0','2022-03-08','2022-03-13'),
 ('75','33','0','2022-03-10','2022-03-15'),
 ('10','118','0','2022-03-13','2022-03-18'),
 ('37','26','0','2022-03-15','2022-03-20'),
 ('160','87','0','2022-03-16','2022-03-21'),
 ('206','51','0','2022-03-22','2022-03-27'),
 ('231','11','0','2022-03-23','2022-03-28'),
 ('123','71','0','2022-03-25','2022-03-30'),
 ('176','48','0','2022-03-27','2022-04-01'),
 ('211','50','0','2022-03-27','2022-04-01'),
 ('182','15','0','2022-03-29','2022-04-03'),
 ('46','14','0','2022-03-29','2022-04-03'),
 ('159','71','0','2022-03-29','2022-04-03'),
 ('103','100','0','2022-03-30','2022-04-04'),
 ('13','25','0','2022-03-31','2022-04-05'),
 ('68','95','0','2022-04-01','2022-04-06'),
 ('239','93','0','2022-04-02','2022-04-07'),
 ('235','33','0','2022-04-06','2022-04-11'),
 ('165','81','0','2022-04-06','2022-04-11'),
 ('243','99','0','2022-04-12','2022-04-17'),
 ('117','24','0','2022-04-15','2022-04-20'),
 ('21','89','0','2022-04-16','2022-04-21'),
 ('166','71','0','2022-04-17','2022-04-22'),
 ('105','86','0','2022-04-18','2022-04-23'),
 ('39','28','0','2022-04-19','2022-04-24'),
 ('122','37','0','2022-04-22','2022-04-27'),
 ('187','43','0','2022-04-23','2022-04-28'),
 ('234','56','0','2022-04-23','2022-04-28'),
 ('101','50','0','2022-04-24','2022-04-29'),
 ('159','10','0','2022-04-24','2022-04-29'),
 ('215','99','0','2022-04-27','2022-05-02'),
 ('4','58','0','2022-04-27','2022-05-02'),
 ('203','105','0','2022-04-29','2022-05-04'),
 ('5','90','0','2022-05-02','2022-05-07'),
 ('49','41','0','2022-05-04','2022-05-09'),
 ('247','80','0','2022-05-10','2022-05-15'),
 ('228','82','0','2022-05-12','2022-05-17'),
 ('142','18','0','2022-05-15','2022-05-20'),
 ('111','25','0','2022-05-15','2022-05-20'),
 ('128','61','0','2022-05-15','2022-05-20'),
 ('101','52','0','2022-05-17','2022-05-22'),
 ('134','68','0','2022-05-17','2022-05-22'),
 ('193','54','0','2022-05-19','2022-05-24'),
 ('18','19','0','2022-05-19','2022-05-24'),
 ('7','9','0','2022-05-20','2022-05-25'),
 ('203','28','0','2022-05-21','2022-05-26'),
 ('194','26','0','2022-05-22','2022-05-27'),
 ('54','36','0','2022-05-28','2022-06-02'),
 ('182','66','0','2022-05-31','2022-06-05'),
 ('26','22','0','2022-05-31','2022-06-05'),
 ('167','46','0','2022-06-01','2022-06-06'),
 ('159','18','0','2022-06-02','2022-06-07'),
 ('186','103','0','2022-06-03','2022-06-08'),
 ('201','65','0','2022-06-03','2022-06-08'),
 ('92','96','0','2022-06-03','2022-06-08'),
 ('208','25','0','2022-06-05','2022-06-10'),
 ('61','54','0','2022-06-05','2022-06-10'),
 ('127','52','0','2022-06-08','2022-06-13'),
 ('170','24','0','2022-06-11','2022-06-16'),
 ('173','42','0','2022-06-11','2022-06-16'),
 ('221','84','0','2022-06-11','2022-06-16'),
 ('98','8','0','2022-06-12','2022-06-17'),
 ('149','23','0','2022-06-13','2022-06-18'),
 ('81','66','0','2022-06-13','2022-06-18'),
 ('49','34','0','2022-06-14','2022-06-19'),
 ('231','65','0','2022-06-15','2022-06-20'),
 ('126','6','0','2022-06-20','2022-06-25'),
 ('9','89','0','2022-06-22','2022-06-27'),
 ('70','1','0','2022-06-24','2022-06-29'),
 ('231','32','0','2022-06-26','2022-07-01'),
 ('61','24','0','2022-06-26','2022-07-01'),
 ('174','48','0','2022-06-28','2022-07-03'),
 ('56','62','0','2022-06-29','2022-07-04'),
 ('89','11','0','2022-06-29','2022-07-04'),
 ('163','42','0','2022-06-30','2022-07-05'),
 ('232','12','0','2022-07-01','2022-07-06'),
 ('59','103','0','2022-07-02','2022-07-07'),
 ('202','113','0','2022-07-03','2022-07-08'),
 ('54','16','0','2022-07-04','2022-07-09'),
 ('190','21','0','2022-07-04','2022-07-09'),
 ('107','108','0','2022-07-05','2022-07-10'),
 ('29','38','0','2022-07-07','2022-07-12'),
 ('154','72','0','2022-07-10','2022-07-15'),
 ('214','67','0','2022-07-12','2022-07-17'),
 ('221','35','0','2022-07-13','2022-07-18'),
 ('249','81','0','2022-07-16','2022-07-21'),
 ('198','17','0','2022-07-17','2022-07-22'),
 ('210','88','0','2022-07-20','2022-07-25'),
 ('154','89','0','2022-07-20','2022-07-25'),
 ('242','69','0','2022-07-22','2022-07-27'),
 ('1','33','0','2022-07-23','2022-07-28'),
 ('188','67','0','2022-07-26','2022-07-31'),
 ('209','118','0','2022-07-26','2022-07-31'),
 ('205','11','0','2022-07-28','2022-08-02'),
 ('170','55','0','2022-07-29','2022-08-03'),
 ('58','72','0','2022-07-31','2022-08-05'),
 ('167','12','0','2022-08-04','2022-08-09'),
 ('77','16','0','2022-08-06','2022-08-11'),
 ('193','83','0','2022-08-07','2022-08-12'),
 ('71','28','0','2022-08-10','2022-08-15'),
 ('107','80','0','2022-08-11','2022-08-16'),
 ('236','13','0','2022-08-15','2022-08-20'),
 ('69','41','0','2022-08-15','2022-08-20'),
 ('97','44','0','2022-08-16','2022-08-21'),
 ('18','120','0','2022-08-18','2022-08-23'),
 ('220','15','0','2022-08-20','2022-08-25'),
 ('228','34','0','2022-08-22','2022-08-27'),
 ('36','107','0','2022-08-26','2022-08-31'),
 ('131','41','0','2022-08-27','2022-09-01'),
 ('50','71','0','2022-08-28','2022-09-02'),
 ('136','110','0','2022-09-02','2022-09-07'),
 ('111','28','0','2022-09-03','2022-09-08'),
 ('91','105','0','2022-09-04','2022-09-09'),
 ('124','107','0','2022-09-07','2022-09-12'),
 ('64','80','0','2022-09-08','2022-09-13'),
 ('56','7','0','2022-09-08','2022-09-13'),
 ('214','120','0','2022-09-08','2022-09-13'),
 ('62','0','0','2022-09-09','2022-09-14'),
 ('209','101','0','2022-09-10','2022-09-15'),
 ('48','27','0','2022-09-12','2022-09-17'),
 ('92','15','0','2022-09-15','2022-09-20'),
 ('183','8','0','2022-09-16','2022-09-21'),
 ('7','18','0','2022-09-22','2022-09-27'),
 ('17','115','0','2022-09-23','2022-09-28'),
 ('194','40','0','2022-09-23','2022-09-28'),
 ('206','26','0','2022-09-24','2022-09-29'),
 ('242','118','0','2022-09-29','2022-10-04'),
 ('14','30','0','2022-10-01','2022-10-06'),
 ('197','15','0','2022-10-01','2022-10-06'),
 ('194','96','0','2022-10-04','2022-10-09'),
 ('204','74','0','2022-10-05','2022-10-10'),
 ('128','118','0','2022-10-07','2022-10-12'),
 ('92','43','0','2022-10-09','2022-10-14'),
 ('42','2','0','2022-10-09','2022-10-14'),
 ('249','80','0','2022-10-09','2022-10-14'),
 ('136','15','0','2022-10-10','2022-10-15'),
 ('238','107','0','2022-10-12','2022-10-17'),
 ('211','44','0','2022-10-16','2022-10-21'),
 ('166','20','0','2022-10-19','2022-10-24'),
 ('78','91','0','2022-10-20','2022-10-25'),
 ('133','90','0','2022-10-22','2022-10-27'),
 ('68','49','0','2022-10-26','2022-10-31'),
 ('98','66','0','2022-10-29','2022-11-03'),
 ('38','65','0','2022-11-02','2022-11-07'),
 ('150','12','0','2022-11-02','2022-11-07'),
 ('104','62','0','2022-11-04','2022-11-09'),
 ('223','36','0','2022-11-08','2022-11-13'),
 ('71','69','0','2022-11-09','2022-11-14'),
 ('52','18','0','2022-11-10','2022-11-15'),
 ('2','8','0','2022-11-13','2022-11-18'),
 ('151','6','0','2022-11-13','2022-11-18'),
 ('192','118','0','2022-11-13','2022-11-18'),
 ('23','95','0','2022-11-23','2022-11-28'),
 ('156','52','0','2022-11-24','2022-11-29'),
 ('48','91','0','2022-11-27','2022-12-02'),
 ('155','95','0','2022-12-03','2022-12-08'),
 ('245','58','0','2022-12-03','2022-12-08'),
 ('156','91','0','2022-12-03','2022-12-08'),
 ('9','33','0','2022-12-05','2022-12-10'),
 ('131','90','0','2022-12-05','2022-12-10'),
 ('133','51','0','2022-12-06','2022-12-11'),
 ('217','46','0','2022-12-09','2022-12-14'),
 ('21','95','0','2022-12-10','2022-12-15'),
 ('231','44','0','2022-12-11','2022-12-16'),
 ('242','43','0','2022-12-15','2022-12-20'),
 ('165','20','0','2022-12-15','2022-12-20'),
 ('12','54','0','2022-12-20','2022-12-25'),
 ('214','6','0','2022-12-24','2022-12-29'),
 ('203','84','0','2022-12-27','2023-01-01'),
 ('209','34','0','2022-12-29','2023-01-03'),
 ('233','111','0','2022-12-29','2023-01-03')
;
UNLOCK TABLES;
